area,city,population,avg_income,daily_footfall,avg_rent_sqft,office_density,road_connectivity,parking_score,metro_distance,competitor_count,restaurant_count,lat,lng
Madhapur,Hyderabad,145000,165000,72000,210,92,9.2,7.5,400,28,64,17.4484,78.3908
Gachibowli,Hyderabad,130000,185000,68000,195,95,9.0,8.2,1200,22,58,17.4401,78.3489
HITEC City,Hyderabad,115000,195000,85000,240,98,9.5,8.0,250,34,72,17.4435,78.3772
Kondapur,Hyderabad,125000,140000,48000,150,78,8.4,7.0,1800,18,44,17.4577,78.3640
Financial District,Hyderabad,95000,210000,52000,180,94,8.8,8.5,3200,12,38,17.4225,78.3398
Jubilee Hills,Hyderabad,85000,260000,42000,280,65,9.1,8.8,1500,32,85,17.4325,78.4073
Banjara Hills,Hyderabad,90000,240000,46000,260,72,9.0,8.5,1400,36,92,17.4108,78.4376
Kukatpally,Hyderabad,280000,95000,95000,135,60,8.5,6.2,300,42,88,17.4849,78.3811
Begumpet,Hyderabad,110000,120000,54000,165,75,8.7,6.0,200,26,46,17.4440,78.4720
Ameerpet,Hyderabad,210000,85000,110000,140,68,8.2,5.1,150,48,76,17.4375,78.4482
Secunderabad,Hyderabad,260000,90000,105000,130,55,8.8,5.8,100,52,82,17.4399,78.4983
Miyapur,Hyderabad,190000,92000,62000,110,50,8.1,6.8,100,24,40,17.4968,78.3614
Uppal,Hyderabad,220000,82000,74000,95,45,8.0,6.5,250,28,45,17.4022,78.5602
Dilsukhnagar,Hyderabad,270000,88000,115000,125,52,8.3,5.4,180,50,90,17.3688,78.5247
LB Nagar,Hyderabad,240000,86000,82000,105,48,8.2,6.0,200,30,54,17.3457,78.5522
